{
  "registers": {
    "fennekin": {
      "normal": {
        "isShiny": false,
        "status": "CAUGHT",
        "discoveredTimestamp": 1727236927317,
        "caughtTimestamp": 1727236927317
      }
    },
    "charmander": {
      "normal": {
        "isShiny": false,
        "status": "CAUGHT",
        "discoveredTimestamp": 1727237011894,
        "caughtTimestamp": 1727237011894
      }
    },
    "sentret": {
      "normal": {
        "isShiny": false,
        "status": "SEEN",
        "discoveredTimestamp": 1727237064455
      }
    },
    "furret": {
      "normal": {
        "isShiny": false,
        "status": "SEEN",
        "discoveredTimestamp": 1727237069450
      }
    },
    "pachirisu": {
      "normal": {
        "isShiny": false,
        "status": "CAUGHT",
        "discoveredTimestamp": 1727289852837,
        "caughtTimestamp": 1727289852837
      }
    },
    "kakuna": {
      "normal": {
        "isShiny": false,
        "status": "CAUGHT",
        "discoveredTimestamp": 1727289953773,
        "caughtTimestamp": 1727289953773
      }
    },
    "braixen": {
      "normal": {
        "isShiny": false,
        "status": "CAUGHT",
        "discoveredTimestamp": 1727289963658,
        "caughtTimestamp": 1727289963658
      }
    },
    "beedrill": {
      "normal": {
        "isShiny": false,
        "status": "CAUGHT",
        "discoveredTimestamp": 1727289970539,
        "caughtTimestamp": 1727289970539
      }
    },
    "stonjourner": {
      "normal": {
        "isShiny": false,
        "status": "CAUGHT",
        "discoveredTimestamp": 1727290332013,
        "caughtTimestamp": 1727290332013
      }
    },
    "mareep": {
      "normal": {
        "isShiny": false,
        "status": "CAUGHT",
        "discoveredTimestamp": 1727290350723,
        "caughtTimestamp": 1727290350723
      }
    },
    "flaaffy": {
      "normal": {
        "isShiny": false,
        "status": "CAUGHT",
        "discoveredTimestamp": 1727290367696,
        "caughtTimestamp": 1727290367696
      }
    },
    "bouffalant": {
      "normal": {
        "isShiny": false,
        "status": "CAUGHT",
        "discoveredTimestamp": 1727290733106,
        "caughtTimestamp": 1727290733106
      }
    },
    "wyrdeer": {
      "normal": {
        "isShiny": false,
        "status": "CAUGHT",
        "discoveredTimestamp": 1727291813612,
        "caughtTimestamp": 1727291813612
      }
    },
    "corviknight": {
      "normal": {
        "isShiny": false,
        "status": "CAUGHT",
        "discoveredTimestamp": 1727292869040,
        "caughtTimestamp": 1727292869040
      }
    },
    "articuno": {
      "normal": {
        "isShiny": false,
        "status": "CAUGHT",
        "discoveredTimestamp": 1727295593013,
        "caughtTimestamp": 1727295593013
      }
    },
    "golisopod": {
      "normal": {
        "isShiny": false,
        "status": "CAUGHT",
        "discoveredTimestamp": 1727295632497,
        "caughtTimestamp": 1727295632497
      }
    },
    "metapod": {
      "normal": {
        "isShiny": false,
        "status": "CAUGHT",
        "discoveredTimestamp": 1727295704341,
        "caughtTimestamp": 1727295704341
      }
    },
    "taillow": {
      "normal": {
        "isShiny": false,
        "status": "SEEN",
        "discoveredTimestamp": 1727405888509
      }
    },
    "squawkabilly": {
      "normal": {
        "isShiny": false,
        "status": "SEEN",
        "discoveredTimestamp": 1727406523082
      }
    },
    "forretress": {
      "normal": {
        "isShiny": false,
        "status": "SEEN",
        "discoveredTimestamp": 1727406603603
      }
    },
    "snorunt": {
      "normal": {
        "isShiny": false,
        "status": "SEEN",
        "discoveredTimestamp": 1727406635192
      }
    },
    "pineco": {
      "normal": {
        "isShiny": false,
        "status": "SEEN",
        "discoveredTimestamp": 1727406638579
      }
    },
    "zigzagoon": {
      "galar": {
        "isShiny": false,
        "status": "SEEN",
        "discoveredTimestamp": 1727406642291
      }
    },
    "starly": {
      "normal": {
        "isShiny": false,
        "status": "SEEN",
        "discoveredTimestamp": 1727406649952
      }
    },
    "corvisquire": {
      "normal": {
        "isShiny": false,
        "status": "SEEN",
        "discoveredTimestamp": 1727406658293
      }
    },
    "buneary": {
      "normal": {
        "isShiny": false,
        "status": "SEEN",
        "discoveredTimestamp": 1727406674618
      }
    },
    "cetitan": {
      "normal": {
        "isShiny": false,
        "status": "SEEN",
        "discoveredTimestamp": 1727407187708
      }
    },
    "jellicent": {
      "normal": {
        "isShiny": false,
        "status": "CAUGHT",
        "discoveredTimestamp": 1727467799336,
        "caughtTimestamp": 1727467799336
      }
    },
    "avalugg": {
      "normal": {
        "isShiny": false,
        "status": "CAUGHT",
        "discoveredTimestamp": 1727467902429,
        "caughtTimestamp": 1727467902429
      }
    },
    "seel": {
      "normal": {
        "isShiny": false,
        "status": "CAUGHT",
        "discoveredTimestamp": 1727467918578,
        "caughtTimestamp": 1727467918578
      }
    },
    "eiscue": {
      "normal": {
        "isShiny": false,
        "status": "SEEN",
        "discoveredTimestamp": 1727492125426
      }
    },
    "bergmite": {
      "normal": {
        "isShiny": false,
        "status": "SEEN",
        "discoveredTimestamp": 1727492219557
      }
    }
  }
}