{"stats":{"minecraft:mined":{"dungeonnowloading:spikes":6,"minecraft:spruce_planks":11,"minecraft:white_bed":3,"nuclearcraft:thorium_ore":32,"nuclearcraft:boron_ore":9,"evilcraft:undead_leaves":3,"nuclearcraft:cobalt_ore":7,"cobblemon:apricorn_log":5,"minecraft:granite":3,"minecraft:grass_block":19,"evilcraft:blood_chest":5,"nuclearcraft:zinc_ore":24,"minecraft:spawner":2,"minecraft:smooth_stone":3,"minecraft:iron_ore":75,"minecraft:fire":13,"nuclearcraft:uranium_ore":28,"minecraft:dirt_path":6,"minecraft:iron_bars":1,"cobblemon:water_stone_ore":2,"mekanism:osmium_ore":30,"minecraft:smoker":2,"minecraft:powder_snow":2,"minecraft:torch":3,"dungeonnowloading:dungeon_wall_torch":1,"cobblemon:apricorn_leaves":17,"minecraft:poppy":1,"minecraft:dead_bush":3,"mekanism:tin_ore":50,"minecraft:cobblestone":31,"minecraft:grindstone":1,"nuclearcraft:lithium_ore":3,"minecraft:sugar_cane":17,"minecraft:wall_torch":5,"minecraft:spruce_sign":1,"nuclearcraft:magnesium_ore":18,"dungeonnowloading:gold_ingot_pile":6,"mekanism:fluorite_ore":7,"cobblemon:green_mint":2,"nuclearcraft:lead_ore":50,"cobblemon:dusk_stone_ore":2,"minecraft:grass":10,"dungeonnowloading:explosive_barrel":3,"mekanism:lead_ore":8,"dungeonnowloading:wooden_wall_platform":2,"minecraft:sand":7,"minecraft:dirt":21,"nuclearcraft:tin_ore":10,"minecraft:deepslate":2,"minecraft:oak_leaves":313,"evilcraft:hardened_blood":12,"minecraft:diamond_ore":1,"minecraft:mossy_cobblestone":15,"minecraft:candle":2,"minecraft:decorated_pot":3,"dungeonnowloading:book_pile":4,"minecraft:spruce_leaves":68,"minecraft:large_fern":3,"minecraft:hay_block":14,"minecraft:redstone_ore":5,"minecraft:furnace":4,"minecraft:andesite":28,"evilcraft:dark_ore":5,"minecraft:potatoes":5,"minecraft:deepslate_iron_ore":22,"minecraft:rail":1,"nuclearcraft:cobalt_deepslate_ore":2,"minecraft:stone":225,"minecraft:bone_block":160,"nuclearcraft:silver_ore":12,"minecraft:lily_of_the_valley":1,"minecraft:crafting_table":2,"minecraft:copper_ore":40,"minecraft:deepslate_gold_ore":2,"minecraft:lapis_ore":4,"minecraft:diorite":2,"minecraft:blue_bed":7,"minecraft:purple_bed":1,"minecraft:sweet_berry_bush":13,"minecraft:ice":2,"minecraft:spruce_log":33,"minecraft:birch_leaves":3,"minecraft:coal_ore":189,"evilcraft:undead_log":4,"minecraft:gravel":6,"minecraft:cracked_stone_bricks":1,"cobblemon:sun_stone_ore":1,"minecraft:stone_bricks":2,"minecraft:mossy_stone_bricks":3,"minecraft:gold_ore":52,"minecraft:fern":3},"minecraft:custom":{"minecraft:interact_with_crafting_table":47,"minecraft:open_barrel":17,"minecraft:leave_game":2,"minecraft:time_since_death":146422,"minecraft:sprint_one_cm":853669,"minecraft:drop":115,"minecraft:talked_to_villager":1,"minecraft:play_time":294153,"minecraft:deaths":3,"minecraft:jump":3907,"minecraft:interact_with_brewingstand":1,"minecraft:walk_on_water_one_cm":12653,"minecraft:interact_with_furnace":66,"minecraft:sleep_in_bed":17,"minecraft:damage_dealt":22711,"minecraft:crouch_one_cm":41469,"minecraft:interact_with_smoker":21,"minecraft:inspect_dispenser":1,"minecraft:mob_kills":124,"minecraft:walk_one_cm":578219,"minecraft:sneak_time":16299,"minecraft:walk_under_water_one_cm":12188,"minecraft:boat_one_cm":203159,"minecraft:total_world_time":294153,"minecraft:time_since_rest":497,"minecraft:damage_taken":5453,"minecraft:swim_one_cm":20398,"minecraft:fly_one_cm":1127860,"minecraft:open_chest":70,"minecraft:fall_one_cm":171262},"minecraft:picked_up":{"minecraft:iron_chestplate":1,"cobblemon:red_apricorn":3,"nuclearcraft:lead_chunk":132,"minecraft:potion":2,"minecraft:enchanted_book":2,"minecraft:string":9,"minecraft:raw_copper":238,"minecraft:iron_leggings":1,"minecraft:cobbled_deepslate":2,"cobblemon:white_apricorn_seed":1,"minecraft:spruce_planks":11,"cobblemon:oran_berry":1,"minecraft:iron_pickaxe":2,"dungeonnowloading:mossy_cobblestone_pebble":10,"cobblemon:quick_ball":4,"evilcraft:blood_extractor":1,"minecraft:furnace":4,"minecraft:stick":22,"cobblemon:apricorn_log":5,"minecraft:torch":21,"minecraft:porkchop":22,"minecraft:diorite":4,"mekanism:raw_tin":94,"minecraft:rotten_flesh":40,"evilcraft:condensed_blood":22,"nuclearcraft:uranium_chunk":83,"minecraft:iron_bars":1,"minecraft:snowball":40,"minecraft:cobblestone":272,"minecraft:feather":4,"minecraft:cooked_beef":8,"minecraft:andesite":37,"minecraft:brown_wool":1,"minecraft:smoker":2,"minecraft:potato":14,"minecraft:flint":2,"minecraft:lapis_lazuli":88,"minecraft:dirt":94,"minecraft:lantern":2,"minecraft:bone":7,"cobblemon:black_apricorn":3,"minecraft:wheat_seeds":6,"minecraft:raw_gold":167,"dungeonnowloading:dungeon_wall_torch":1,"minecraft:grindstone":1,"nuclearcraft:lithium_chunk":10,"nuclearcraft:thorium_chunk":37,"cobblemon:sun_stone":5,"nuclearcraft:zinc_chunk":48,"evilcraft:dark_gem_crushed":9,"minecraft:sand":6,"minecraft:dead_bush":9,"minecraft:lily_of_the_valley":1,"cobblemon:aspear_berry":19,"dungeonnowloading:wooden_wall_rack":2,"minecraft:mossy_cobblestone":14,"minecraft:diamond":11,"minecraft:spruce_boat":1,"evilcraft:broom":1,"minecraft:granite":1,"minecraft:bone_meal":1,"minecraft:spruce_sign":1,"minecraft:oak_sapling":9,"nuclearcraft:tin_chunk":38,"nuclearcraft:boron_chunk":14,"minecraft:crafting_table":3,"dungeonnowloading:wooden_wall_platform":2,"minecraft:chicken":5,"evilcraft:dark_power_gem":1,"cobblemon:yellow_apricorn":26,"minecraft:wooden_pickaxe":2,"dungeonnowloading:cobblestone_pebble":10,"occultism:raw_silver":5,"minecraft:iron_axe":1,"cobblemon:white_apricorn":2,"dungeonnowloading:spawner_fragment":18,"minecraft:cracked_stone_bricks":1,"minecraft:candle":5,"cobblemon:green_apricorn":9,"minecraft:beef":14,"minecraft:poppy":1,"cobblemon:dusk_stone":2,"evilcraft:hardened_blood_shard":41,"minecraft:sugar_cane":48,"minecraft:egg":2,"nuclearcraft:silver_chunk":76,"minecraft:raw_iron":304,"minecraft:bowl":1,"evilcraft:origins_of_darkness":1,"evilcraft:dark_spike":16,"nuclearcraft:cobalt_chunk":35,"minecraft:redstone":36,"minecraft:arrow":10,"minecraft:decorated_pot":3,"minecraft:hay_block":14,"evilcraft:blood_chest":5,"minecraft:gold_ingot":16,"minecraft:mutton":23,"minecraft:rail":1,"cobblemon:blue_apricorn":17,"minecraft:white_wool":13,"minecraft:bone_block":161,"minecraft:air":0,"mekanism:raw_lead":28,"minecraft:leather":13,"evilcraft:exalted_crafter_wooden":1,"minecraft:gunpowder":8,"minecraft:blue_bed":7,"minecraft:apple":2,"minecraft:stone_bricks":1,"minecraft:iron_ingot":4,"minecraft:glass_bottle":1,"minecraft:book":7,"evilcraft:undead_log":4,"nuclearcraft:magnesium_chunk":28,"minecraft:sweet_berries":32,"cobblemon:blue_apricorn_seed":2,"minecraft:gravel":3,"cobblemon:cheri_berry":1,"cobblemon:yellow_apricorn_seed":1,"cobblemon:pink_apricorn":1,"minecraft:spruce_sapling":6,"minecraft:white_bed":5,"minecraft:spruce_log":32,"mekanism:raw_osmium":45,"minecraft:purple_bed":2,"evilcraft:dark_gem":43,"mekanism:fluorite_gem":69,"cobblemon:water_stone":2,"minecraft:black_wool":1,"minecraft:coal":482},"minecraft:killed":{"minecraft:spider":4,"minecraft:skeleton":7,"minecraft:chicken":4,"minecraft:pig":10,"minecraft:zombie_villager":1,"minecraft:iron_golem":1,"minecraft:creeper":1,"minecraft:sheep":11,"minecraft:zombie":40,"minecraft:cow":10,"minecraft:horse":1,"mekanismadditions:baby_skeleton":1,"cobblemon:pokemon":26},"minecraft:broken":{"evilcraft:vengeance_pickaxe":1,"minecraft:stone_pickaxe":1,"minecraft:stone_axe":1,"minecraft:iron_sword":1,"minecraft:leather_chestplate":1,"minecraft:leather_boots":1,"minecraft:iron_pickaxe":1},"minecraft:used":{"minecraft:bone_block":2,"evilcraft:blood_chest":5,"minecraft:decorated_pot":2,"minecraft:chest":2,"minecraft:iron_sword":332,"minecraft:lily_of_the_valley":1,"minecraft:snowball":40,"minecraft:spruce_boat":2,"minecraft:lantern":2,"minecraft:iron_helmet":1,"cobblemon:apricorn_planks":20,"minecraft:stone_bricks":1,"minecraft:sweet_berries":27,"minecraft:furnace":5,"minecraft:oak_sapling":8,"minecraft:egg":2,"minecraft:potato":13,"minecraft:diorite":4,"minecraft:stone_pickaxe":126,"minecraft:wooden_pickaxe":11,"minecraft:blue_bed":6,"minecraft:white_wool":1,"evilcraft:undead_sapling":1,"minecraft:shears":3,"minecraft:bread":20,"minecraft:gravel":3,"minecraft:grindstone":1,"minecraft:andesite":29,"minecraft:bone_meal":40,"minecraft:dead_bush":1,"minecraft:flint_and_steel":28,"evilcraft:vengeance_pickaxe":749,"minecraft:spruce_planks":79,"minecraft:cooked_chicken":4,"minecraft:torch":200,"minecraft:dirt":70,"minecraft:iron_axe":43,"minecraft:iron_boots":1,"minecraft:golden_carrot":4,"minecraft:cooked_beef":22,"minecraft:glass_bottle":1,"evilcraft:blood_infuser":1,"minecraft:spruce_sign":2,"dungeonnowloading:dungeon_wall_torch":1,"minecraft:cracked_stone_bricks":1,"minecraft:mossy_cobblestone":5,"minecraft:crafting_table":7,"minecraft:white_bed":4,"minecraft:smoker":2,"dungeonnowloading:spawner_helmet":1,"minecraft:suspicious_stew":1,"minecraft:iron_pickaxe":349,"minecraft:spruce_sapling":1,"minecraft:stone_axe":97,"minecraft:cobblestone":151,"minecraft:purple_bed":2,"minecraft:cooked_porkchop":22,"minecraft:splash_potion":3},"minecraft:dropped":{"cobblemon:blue_apricorn":1,"minecraft:glass_bottle":1,"nuclearcraft:silver_chunk":18,"minecraft:decorated_pot":1,"dungeonnowloading:cobblestone_pebble":10,"minecraft:rail":1,"minecraft:flint":1,"minecraft:dirt":22,"evilcraft:broom":2,"cobblemon:green_apricorn":1,"minecraft:bone_meal":1,"minecraft:iron_pickaxe":2,"dungeonnowloading:wooden_wall_platform":2,"minecraft:white_wool":6,"minecraft:bone":1,"minecraft:gold_ingot":3,"minecraft:cobbled_deepslate":2,"dungeonnowloading:wooden_wall_rack":1,"minecraft:rotten_flesh":36,"dungeonnowloading:mossy_cobblestone_pebble":10,"minecraft:cooked_mutton":7,"minecraft:white_bed":2,"minecraft:poppy":1,"minecraft:gunpowder":8,"minecraft:arrow":7,"minecraft:enchanted_book":1,"minecraft:wheat_seeds":6,"evilcraft:undead_log":3,"minecraft:mossy_cobblestone":9,"minecraft:feather":4,"minecraft:iron_helmet":1,"minecraft:cobblestone":29,"minecraft:book":3,"minecraft:granite":1,"evilcraft:dark_gem":3,"minecraft:torch":1,"minecraft:brown_wool":1,"evilcraft:exalted_crafter_wooden":1,"minecraft:potion":2,"minecraft:iron_leggings":1,"evilcraft:dark_spike":1,"minecraft:iron_axe":1,"minecraft:sweet_berries":13,"minecraft:bowl":2,"cobblemon:quick_ball":54,"minecraft:shears":1,"minecraft:potato":1,"minecraft:shield":1,"minecraft:iron_chestplate":1,"minecraft:andesite":8,"minecraft:oak_sapling":1,"minecraft:spruce_log":1,"minecraft:wooden_pickaxe":3,"minecraft:black_wool":1},"minecraft:killed_by":{"benssharks:axodile":1},"minecraft:crafted":{"minecraft:cooked_chicken":5,"cobblemon:apricorn_planks":20,"minecraft:cooked_mutton":18,"minecraft:glass":6,"evilcraft:exalted_crafter_wooden":2,"minecraft:iron_boots":1,"evilcraft:blood_extractor":1,"minecraft:chest":4,"dungeonnowloading:spawner_helmet":1,"minecraft:glass_bottle":3,"evilcraft:undead_planks":4,"minecraft:cooked_porkchop":22,"dungeonnowloading:spawner_frame":6,"minecraft:crafting_table":7,"minecraft:spruce_planks":204,"minecraft:wooden_pickaxe":1,"minecraft:iron_helmet":1,"minecraft:copper_ingot":64,"cobblemon:quick_ball":12,"minecraft:paper":3,"minecraft:book":1,"minecraft:iron_chestplate":1,"minecraft:shield":1,"minecraft:stick":32,"minecraft:iron_ingot":112,"minecraft:iron_pickaxe":2,"minecraft:iron_block":6,"evilcraft:vengeance_pickaxe":2,"minecraft:shears":1,"evilcraft:dark_spike":16,"evilcraft:blood_chest":1,"minecraft:furnace":2,"minecraft:bone_meal":42,"minecraft:flint_and_steel":1,"minecraft:iron_axe":1,"minecraft:stone_pickaxe":1,"evilcraft:dark_stick":4,"evilcraft:darkened_apple":2,"minecraft:spruce_boat":2,"minecraft:cooked_beef":14,"evilcraft:blood_infusion_core":2,"minecraft:iron_sword":1,"minecraft:stone_axe":1,"minecraft:air":0,"evilcraft:blood_infuser":1,"minecraft:iron_leggings":1,"minecraft:torch":132}},"DataVersion":3465}