{"stats":{"minecraft:mined":{"minecraft:diamond_ore":1,"minecraft:spruce_planks":11,"minecraft:white_bed":3,"minecraft:mossy_cobblestone":6,"nuclearcraft:thorium_ore":28,"nuclearcraft:boron_ore":9,"evilcraft:undead_leaves":3,"cobblemon:apricorn_log":5,"minecraft:granite":1,"minecraft:grass_block":19,"minecraft:decorated_pot":3,"dungeonnowloading:book_pile":2,"evilcraft:blood_chest":1,"nuclearcraft:zinc_ore":16,"minecraft:spruce_leaves":68,"minecraft:hay_block":7,"minecraft:spawner":2,"minecraft:smooth_stone":3,"minecraft:large_fern":3,"minecraft:furnace":3,"minecraft:iron_ore":40,"minecraft:fire":13,"nuclearcraft:uranium_ore":10,"minecraft:andesite":22,"evilcraft:dark_ore":5,"minecraft:potatoes":5,"minecraft:dirt_path":6,"minecraft:stone":95,"cobblemon:water_stone_ore":2,"nuclearcraft:silver_ore":4,"mekanism:osmium_ore":22,"minecraft:lily_of_the_valley":1,"minecraft:smoker":2,"minecraft:powder_snow":2,"cobblemon:apricorn_leaves":17,"minecraft:crafting_table":1,"minecraft:torch":3,"minecraft:poppy":1,"minecraft:dead_bush":3,"mekanism:tin_ore":29,"minecraft:copper_ore":22,"minecraft:cobblestone":19,"nuclearcraft:lithium_ore":1,"minecraft:grindstone":1,"minecraft:sugar_cane":17,"minecraft:blue_bed":6,"minecraft:diorite":2,"minecraft:spruce_sign":1,"minecraft:wall_torch":2,"nuclearcraft:magnesium_ore":16,"dungeonnowloading:gold_ingot_pile":3,"minecraft:purple_bed":1,"cobblemon:green_mint":2,"minecraft:sweet_berry_bush":13,"minecraft:ice":2,"minecraft:spruce_log":23,"minecraft:birch_leaves":3,"nuclearcraft:lead_ore":22,"cobblemon:dusk_stone_ore":2,"minecraft:grass":10,"dungeonnowloading:explosive_barrel":1,"minecraft:coal_ore":116,"evilcraft:undead_log":4,"minecraft:gravel":5,"minecraft:dirt":21,"minecraft:sand":7,"nuclearcraft:tin_ore":2,"minecraft:gold_ore":25,"minecraft:mossy_stone_bricks":3,"minecraft:stone_bricks":2,"evilcraft:hardened_blood":12,"minecraft:oak_leaves":313,"minecraft:fern":3},"minecraft:custom":{"minecraft:mob_kills":115,"minecraft:interact_with_crafting_table":40,"minecraft:open_barrel":9,"minecraft:leave_game":2,"minecraft:time_since_death":104422,"minecraft:sprint_one_cm":755436,"minecraft:walk_one_cm":483032,"minecraft:drop":88,"minecraft:talked_to_villager":1,"minecraft:play_time":252153,"minecraft:deaths":3,"minecraft:sneak_time":10249,"minecraft:walk_under_water_one_cm":12188,"minecraft:boat_one_cm":203159,"minecraft:jump":3565,"minecraft:walk_on_water_one_cm":11582,"minecraft:total_world_time":252153,"minecraft:interact_with_furnace":55,"minecraft:sleep_in_bed":16,"minecraft:time_since_rest":34049,"minecraft:damage_taken":4408,"minecraft:damage_dealt":21091,"minecraft:swim_one_cm":20398,"minecraft:fly_one_cm":1077832,"minecraft:open_chest":69,"minecraft:crouch_one_cm":24240,"minecraft:fall_one_cm":165810,"minecraft:interact_with_smoker":21},"minecraft:picked_up":{"minecraft:iron_chestplate":1,"minecraft:crafting_table":2,"minecraft:chicken":5,"evilcraft:dark_power_gem":1,"dungeonnowloading:cobblestone_pebble":10,"cobblemon:yellow_apricorn":26,"nuclearcraft:lead_chunk":39,"cobblemon:red_apricorn":3,"minecraft:wooden_pickaxe":2,"occultism:raw_silver":5,"minecraft:enchanted_book":2,"minecraft:potion":2,"minecraft:string":7,"minecraft:iron_axe":1,"minecraft:raw_copper":73,"minecraft:iron_leggings":1,"cobblemon:white_apricorn":2,"dungeonnowloading:spawner_fragment":18,"cobblemon:green_apricorn":9,"cobblemon:white_apricorn_seed":1,"minecraft:spruce_planks":11,"minecraft:beef":14,"cobblemon:oran_berry":1,"dungeonnowloading:mossy_cobblestone_pebble":10,"cobblemon:dusk_stone":2,"minecraft:poppy":1,"minecraft:iron_pickaxe":2,"evilcraft:hardened_blood_shard":41,"cobblemon:quick_ball":4,"minecraft:sugar_cane":48,"minecraft:furnace":3,"minecraft:egg":2,"nuclearcraft:silver_chunk":44,"minecraft:stick":22,"minecraft:raw_iron":109,"cobblemon:apricorn_log":5,"minecraft:torch":14,"evilcraft:origins_of_darkness":1,"minecraft:porkchop":22,"evilcraft:dark_spike":16,"minecraft:diorite":4,"mekanism:raw_tin":29,"minecraft:arrow":10,"minecraft:rotten_flesh":33,"minecraft:decorated_pot":3,"minecraft:hay_block":7,"evilcraft:blood_chest":1,"minecraft:gold_ingot":9,"evilcraft:condensed_blood":22,"minecraft:bone_block":1,"minecraft:mutton":23,"nuclearcraft:uranium_chunk":27,"cobblemon:blue_apricorn":17,"minecraft:snowball":40,"minecraft:white_wool":13,"minecraft:cobblestone":114,"minecraft:air":0,"minecraft:feather":4,"minecraft:cooked_beef":8,"minecraft:andesite":27,"minecraft:brown_wool":1,"minecraft:leather":13,"minecraft:smoker":2,"minecraft:potato":14,"minecraft:flint":1,"minecraft:gunpowder":3,"minecraft:blue_bed":6,"minecraft:dirt":81,"minecraft:bone":6,"minecraft:stone_bricks":1,"minecraft:apple":2,"minecraft:wheat_seeds":6,"cobblemon:black_apricorn":3,"minecraft:raw_gold":81,"minecraft:grindstone":1,"minecraft:iron_ingot":4,"nuclearcraft:lithium_chunk":1,"minecraft:glass_bottle":1,"nuclearcraft:thorium_chunk":28,"minecraft:book":3,"evilcraft:undead_log":4,"nuclearcraft:zinc_chunk":17,"nuclearcraft:magnesium_chunk":21,"minecraft:sweet_berries":32,"evilcraft:dark_gem_crushed":8,"cobblemon:blue_apricorn_seed":2,"minecraft:gravel":3,"cobblemon:cheri_berry":1,"minecraft:sand":6,"cobblemon:yellow_apricorn_seed":1,"minecraft:spruce_sapling":5,"cobblemon:pink_apricorn":1,"minecraft:dead_bush":9,"minecraft:white_bed":5,"minecraft:spruce_log":24,"minecraft:lily_of_the_valley":1,"cobblemon:aspear_berry":19,"mekanism:raw_osmium":22,"minecraft:mossy_cobblestone":6,"minecraft:purple_bed":1,"minecraft:diamond":9,"minecraft:spruce_boat":1,"evilcraft:broom":1,"evilcraft:dark_gem":43,"minecraft:spruce_sign":1,"minecraft:oak_sapling":9,"cobblemon:water_stone":2,"minecraft:black_wool":1,"minecraft:coal":244,"nuclearcraft:tin_chunk":2,"nuclearcraft:boron_chunk":14},"minecraft:killed":{"minecraft:spider":3,"mekanismadditions:baby_skeleton":1,"minecraft:skeleton":5,"minecraft:horse":1,"minecraft:chicken":4,"minecraft:pig":10,"cobblemon:pokemon":26,"minecraft:zombie_villager":1,"minecraft:iron_golem":1,"minecraft:creeper":1,"minecraft:sheep":11,"minecraft:zombie":35,"minecraft:cow":10},"minecraft:broken":{"minecraft:leather_chestplate":1,"minecraft:stone_pickaxe":1,"minecraft:leather_boots":1,"minecraft:stone_axe":1,"minecraft:iron_sword":1,"minecraft:iron_pickaxe":1},"minecraft:used":{"minecraft:flint_and_steel":14,"minecraft:dead_bush":1,"evilcraft:blood_chest":1,"minecraft:decorated_pot":2,"minecraft:chest":2,"minecraft:spruce_planks":79,"evilcraft:vengeance_pickaxe":99,"minecraft:iron_sword":302,"minecraft:cooked_chicken":4,"minecraft:torch":118,"minecraft:dirt":57,"minecraft:lily_of_the_valley":1,"minecraft:snowball":40,"minecraft:spruce_boat":2,"minecraft:iron_axe":29,"minecraft:iron_helmet":1,"cobblemon:apricorn_planks":20,"minecraft:iron_boots":1,"minecraft:stone_bricks":1,"minecraft:sweet_berries":27,"minecraft:oak_sapling":8,"minecraft:furnace":5,"minecraft:cooked_beef":16,"minecraft:egg":2,"minecraft:potato":13,"minecraft:diorite":4,"minecraft:stone_pickaxe":126,"minecraft:glass_bottle":1,"evilcraft:blood_infuser":1,"minecraft:wooden_pickaxe":11,"minecraft:spruce_sign":2,"minecraft:blue_bed":6,"minecraft:white_wool":1,"minecraft:crafting_table":7,"evilcraft:undead_sapling":1,"minecraft:white_bed":4,"minecraft:smoker":2,"minecraft:shears":3,"minecraft:spruce_sapling":1,"minecraft:iron_pickaxe":339,"minecraft:bread":20,"minecraft:gravel":3,"minecraft:stone_axe":97,"minecraft:cobblestone":59,"minecraft:purple_bed":1,"minecraft:grindstone":1,"minecraft:cooked_porkchop":22,"minecraft:andesite":23,"minecraft:bone_meal":40},"minecraft:dropped":{"minecraft:enchanted_book":1,"evilcraft:undead_log":3,"minecraft:wheat_seeds":6,"cobblemon:blue_apricorn":1,"minecraft:mossy_cobblestone":6,"minecraft:glass_bottle":1,"nuclearcraft:silver_chunk":18,"minecraft:decorated_pot":1,"minecraft:feather":4,"minecraft:cobblestone":3,"dungeonnowloading:cobblestone_pebble":10,"minecraft:book":3,"evilcraft:dark_gem":3,"minecraft:dirt":22,"minecraft:torch":1,"evilcraft:broom":2,"minecraft:brown_wool":1,"minecraft:iron_leggings":1,"cobblemon:green_apricorn":1,"minecraft:potion":2,"evilcraft:dark_spike":1,"minecraft:iron_axe":1,"minecraft:iron_pickaxe":2,"minecraft:white_wool":6,"minecraft:gold_ingot":3,"minecraft:sweet_berries":13,"minecraft:rotten_flesh":29,"dungeonnowloading:mossy_cobblestone_pebble":10,"cobblemon:quick_ball":54,"minecraft:cooked_mutton":7,"minecraft:white_bed":2,"minecraft:poppy":1,"minecraft:potato":1,"minecraft:iron_chestplate":1,"minecraft:gunpowder":3,"minecraft:andesite":4,"minecraft:oak_sapling":1,"minecraft:spruce_log":1,"minecraft:arrow":7,"minecraft:wooden_pickaxe":3,"minecraft:black_wool":1},"minecraft:killed_by":{"benssharks:axodile":1},"minecraft:crafted":{"evilcraft:dark_spike":16,"evilcraft:blood_chest":1,"minecraft:cooked_chicken":5,"cobblemon:apricorn_planks":20,"minecraft:furnace":2,"minecraft:bone_meal":42,"minecraft:cooked_mutton":18,"minecraft:flint_and_steel":1,"minecraft:glass":6,"minecraft:iron_boots":1,"evilcraft:blood_extractor":1,"minecraft:iron_axe":1,"minecraft:stone_pickaxe":1,"evilcraft:dark_stick":4,"minecraft:chest":2,"evilcraft:darkened_apple":2,"minecraft:spruce_boat":2,"minecraft:cooked_beef":14,"minecraft:glass_bottle":3,"evilcraft:undead_planks":4,"dungeonnowloading:spawner_frame":6,"minecraft:cooked_porkchop":22,"minecraft:crafting_table":6,"evilcraft:blood_infusion_core":2,"minecraft:spruce_planks":172,"minecraft:iron_helmet":1,"minecraft:wooden_pickaxe":1,"minecraft:iron_sword":1,"minecraft:copper_ingot":64,"minecraft:stone_axe":1,"minecraft:air":0,"cobblemon:quick_ball":12,"minecraft:iron_chestplate":1,"minecraft:book":1,"minecraft:paper":3,"minecraft:shield":1,"minecraft:stick":32,"minecraft:iron_ingot":64,"evilcraft:blood_infuser":1,"minecraft:iron_pickaxe":2,"minecraft:iron_block":3,"minecraft:iron_leggings":1,"minecraft:torch":132,"evilcraft:vengeance_pickaxe":1,"minecraft:shears":1}},"DataVersion":3465}