{"stats":{"minecraft:mined":{"minecraft:spruce_planks":6,"minecraft:white_bed":3,"minecraft:mossy_cobblestone":5,"nuclearcraft:thorium_ore":28,"nuclearcraft:boron_ore":9,"evilcraft:undead_leaves":3,"cobblemon:apricorn_log":5,"minecraft:grass_block":19,"nuclearcraft:zinc_ore":16,"minecraft:spruce_leaves":68,"minecraft:large_fern":3,"minecraft:furnace":3,"minecraft:iron_ore":17,"minecraft:fire":13,"nuclearcraft:uranium_ore":10,"minecraft:andesite":22,"evilcraft:dark_ore":2,"minecraft:potatoes":5,"minecraft:dirt_path":6,"minecraft:stone":54,"cobblemon:water_stone_ore":2,"nuclearcraft:silver_ore":4,"mekanism:osmium_ore":22,"minecraft:lily_of_the_valley":1,"minecraft:smoker":2,"minecraft:powder_snow":2,"cobblemon:apricorn_leaves":17,"minecraft:crafting_table":1,"minecraft:torch":2,"minecraft:poppy":1,"minecraft:dead_bush":3,"mekanism:tin_ore":29,"minecraft:copper_ore":22,"minecraft:cobblestone":7,"nuclearcraft:lithium_ore":1,"minecraft:grindstone":1,"minecraft:sugar_cane":17,"minecraft:blue_bed":6,"minecraft:diorite":2,"minecraft:spruce_sign":1,"minecraft:wall_torch":2,"nuclearcraft:magnesium_ore":14,"minecraft:purple_bed":1,"cobblemon:green_mint":2,"minecraft:sweet_berry_bush":13,"minecraft:ice":2,"minecraft:spruce_log":23,"minecraft:birch_leaves":3,"nuclearcraft:lead_ore":22,"cobblemon:dusk_stone_ore":2,"minecraft:grass":10,"minecraft:coal_ore":112,"evilcraft:undead_log":4,"minecraft:gravel":5,"minecraft:dirt":21,"minecraft:sand":7,"nuclearcraft:tin_ore":2,"evilcraft:hardened_blood":12,"minecraft:oak_leaves":313,"minecraft:fern":3},"minecraft:custom":{"minecraft:mob_kills":99,"minecraft:interact_with_crafting_table":33,"minecraft:leave_game":2,"minecraft:time_since_death":80422,"minecraft:sprint_one_cm":735179,"minecraft:walk_one_cm":430410,"minecraft:drop":59,"minecraft:talked_to_villager":1,"minecraft:play_time":228153,"minecraft:deaths":3,"minecraft:sneak_time":8723,"minecraft:walk_under_water_one_cm":12188,"minecraft:boat_one_cm":203159,"minecraft:jump":3478,"minecraft:walk_on_water_one_cm":11582,"minecraft:total_world_time":228153,"minecraft:interact_with_furnace":48,"minecraft:sleep_in_bed":16,"minecraft:time_since_rest":10049,"minecraft:damage_taken":3835,"minecraft:damage_dealt":18335,"minecraft:swim_one_cm":20398,"minecraft:fly_one_cm":1063995,"minecraft:open_chest":66,"minecraft:crouch_one_cm":20967,"minecraft:fall_one_cm":162836,"minecraft:interact_with_smoker":21},"minecraft:picked_up":{"minecraft:crafting_table":2,"minecraft:chicken":5,"evilcraft:dark_power_gem":1,"cobblemon:yellow_apricorn":26,"nuclearcraft:lead_chunk":39,"cobblemon:red_apricorn":3,"minecraft:wooden_pickaxe":2,"occultism:raw_silver":5,"minecraft:potion":2,"minecraft:string":7,"minecraft:raw_copper":73,"cobblemon:white_apricorn":2,"cobblemon:green_apricorn":9,"cobblemon:white_apricorn_seed":1,"minecraft:spruce_planks":6,"minecraft:beef":14,"cobblemon:oran_berry":1,"cobblemon:dusk_stone":2,"minecraft:poppy":1,"minecraft:iron_pickaxe":2,"evilcraft:hardened_blood_shard":41,"cobblemon:quick_ball":4,"minecraft:sugar_cane":48,"minecraft:furnace":3,"minecraft:egg":2,"nuclearcraft:silver_chunk":26,"minecraft:stick":22,"minecraft:raw_iron":32,"cobblemon:apricorn_log":5,"minecraft:torch":7,"evilcraft:origins_of_darkness":1,"minecraft:porkchop":22,"evilcraft:dark_spike":16,"minecraft:diorite":4,"mekanism:raw_tin":29,"minecraft:arrow":6,"minecraft:rotten_flesh":20,"minecraft:gold_ingot":3,"evilcraft:condensed_blood":22,"minecraft:bone_block":1,"minecraft:mutton":23,"nuclearcraft:uranium_chunk":27,"cobblemon:blue_apricorn":17,"minecraft:snowball":40,"minecraft:white_wool":13,"minecraft:cobblestone":70,"minecraft:air":0,"minecraft:feather":4,"minecraft:cooked_beef":8,"minecraft:andesite":27,"minecraft:brown_wool":1,"minecraft:leather":13,"minecraft:smoker":2,"minecraft:potato":14,"minecraft:flint":1,"minecraft:gunpowder":2,"minecraft:blue_bed":6,"minecraft:dirt":81,"minecraft:bone":1,"minecraft:apple":2,"minecraft:wheat_seeds":6,"cobblemon:black_apricorn":3,"minecraft:grindstone":1,"minecraft:iron_ingot":4,"nuclearcraft:lithium_chunk":1,"minecraft:glass_bottle":1,"nuclearcraft:thorium_chunk":28,"evilcraft:undead_log":4,"nuclearcraft:zinc_chunk":17,"nuclearcraft:magnesium_chunk":16,"minecraft:sweet_berries":32,"cobblemon:blue_apricorn_seed":2,"minecraft:gravel":3,"cobblemon:cheri_berry":1,"minecraft:sand":6,"cobblemon:yellow_apricorn_seed":1,"minecraft:spruce_sapling":5,"cobblemon:pink_apricorn":1,"minecraft:dead_bush":9,"minecraft:white_bed":5,"minecraft:spruce_log":24,"minecraft:lily_of_the_valley":1,"cobblemon:aspear_berry":19,"mekanism:raw_osmium":22,"minecraft:mossy_cobblestone":5,"minecraft:purple_bed":1,"minecraft:diamond":3,"minecraft:spruce_boat":1,"evilcraft:broom":1,"evilcraft:dark_gem":24,"minecraft:spruce_sign":1,"minecraft:oak_sapling":9,"cobblemon:water_stone":2,"minecraft:black_wool":1,"minecraft:coal":240,"nuclearcraft:tin_chunk":2,"nuclearcraft:boron_chunk":14},"minecraft:killed":{"minecraft:spider":3,"minecraft:skeleton":3,"minecraft:horse":1,"minecraft:chicken":4,"minecraft:pig":10,"cobblemon:pokemon":26,"minecraft:zombie_villager":1,"minecraft:iron_golem":1,"minecraft:creeper":1,"minecraft:sheep":11,"minecraft:zombie":22,"minecraft:cow":10},"minecraft:broken":{"minecraft:stone_pickaxe":1,"minecraft:leather_boots":1,"minecraft:stone_axe":1,"minecraft:iron_sword":1,"minecraft:iron_pickaxe":1},"minecraft:used":{"minecraft:flint_and_steel":14,"minecraft:dead_bush":1,"minecraft:chest":2,"minecraft:spruce_planks":71,"evilcraft:vengeance_pickaxe":35,"minecraft:iron_sword":261,"minecraft:cooked_chicken":4,"minecraft:torch":64,"minecraft:dirt":57,"minecraft:lily_of_the_valley":1,"minecraft:snowball":40,"minecraft:spruce_boat":2,"minecraft:iron_axe":13,"cobblemon:apricorn_planks":20,"minecraft:sweet_berries":27,"minecraft:oak_sapling":8,"minecraft:furnace":4,"minecraft:cooked_beef":10,"minecraft:egg":2,"minecraft:potato":13,"minecraft:diorite":4,"minecraft:stone_pickaxe":126,"minecraft:glass_bottle":1,"evilcraft:blood_infuser":1,"minecraft:wooden_pickaxe":11,"minecraft:spruce_sign":2,"minecraft:blue_bed":5,"minecraft:white_wool":1,"minecraft:crafting_table":6,"evilcraft:undead_sapling":1,"minecraft:white_bed":4,"minecraft:smoker":2,"minecraft:shears":3,"minecraft:spruce_sapling":1,"minecraft:iron_pickaxe":273,"minecraft:bread":20,"minecraft:gravel":3,"minecraft:stone_axe":97,"minecraft:cobblestone":45,"minecraft:purple_bed":1,"minecraft:grindstone":1,"minecraft:cooked_porkchop":22,"minecraft:andesite":23,"minecraft:bone_meal":40},"minecraft:dropped":{"minecraft:wheat_seeds":6,"cobblemon:blue_apricorn":1,"minecraft:mossy_cobblestone":5,"minecraft:glass_bottle":1,"minecraft:feather":4,"minecraft:cobblestone":2,"minecraft:book":1,"evilcraft:dark_gem":3,"minecraft:dirt":22,"evilcraft:broom":2,"minecraft:brown_wool":1,"cobblemon:green_apricorn":1,"minecraft:potion":2,"evilcraft:dark_spike":1,"minecraft:iron_pickaxe":2,"minecraft:white_wool":6,"minecraft:gold_ingot":3,"minecraft:sweet_berries":13,"minecraft:rotten_flesh":18,"cobblemon:quick_ball":54,"minecraft:cooked_mutton":7,"minecraft:white_bed":2,"minecraft:poppy":1,"minecraft:andesite":4,"minecraft:oak_sapling":1,"minecraft:spruce_log":1,"minecraft:wooden_pickaxe":3,"minecraft:black_wool":1},"minecraft:killed_by":{"benssharks:axodile":1},"minecraft:crafted":{"evilcraft:dark_spike":16,"minecraft:cooked_chicken":5,"cobblemon:apricorn_planks":20,"minecraft:furnace":1,"minecraft:bone_meal":42,"minecraft:cooked_mutton":18,"minecraft:flint_and_steel":1,"minecraft:glass":6,"evilcraft:blood_extractor":1,"minecraft:iron_axe":1,"minecraft:stone_pickaxe":1,"evilcraft:dark_stick":4,"minecraft:chest":2,"evilcraft:darkened_apple":2,"minecraft:spruce_boat":2,"minecraft:cooked_beef":14,"minecraft:glass_bottle":3,"evilcraft:undead_planks":4,"minecraft:cooked_porkchop":22,"minecraft:crafting_table":5,"evilcraft:blood_infusion_core":1,"minecraft:spruce_planks":172,"minecraft:wooden_pickaxe":1,"minecraft:iron_sword":1,"minecraft:copper_ingot":64,"minecraft:stone_axe":1,"minecraft:air":0,"cobblemon:quick_ball":12,"minecraft:book":1,"minecraft:paper":3,"minecraft:shield":1,"minecraft:stick":32,"minecraft:iron_ingot":25,"evilcraft:blood_infuser":1,"minecraft:iron_pickaxe":2,"minecraft:torch":60,"evilcraft:vengeance_pickaxe":1,"minecraft:shears":1}},"DataVersion":3465}