{"stats":{"minecraft:used":{"minecraft:bone_block":2,"evilcraft:blood_chest":7,"minecraft:decorated_pot":2,"minecraft:chest":2,"minecraft:iron_sword":406,"minecraft:lily_of_the_valley":1,"minecraft:snowball":40,"minecraft:spruce_boat":4,"minecraft:lantern":2,"minecraft:iron_helmet":1,"cobblemon:apricorn_planks":20,"minecraft:stone_bricks":1,"minecraft:sweet_berries":27,"minecraft:oak_sapling":8,"minecraft:furnace":5,"minecraft:egg":2,"minecraft:potato":13,"minecraft:diorite":4,"minecraft:stone_pickaxe":126,"minecraft:wooden_pickaxe":11,"minecraft:blue_bed":7,"minecraft:white_wool":1,"evilcraft:undead_sapling":2,"minecraft:shears":3,"minecraft:bread":23,"minecraft:gravel":3,"minecraft:grindstone":1,"minecraft:andesite":29,"minecraft:bone_meal":40,"minecraft:dead_bush":1,"minecraft:flint_and_steel":28,"minecraft:spruce_planks":79,"evilcraft:vengeance_pickaxe":754,"minecraft:cooked_chicken":4,"minecraft:torch":200,"minecraft:dirt":73,"minecraft:iron_axe":43,"minecraft:iron_boots":1,"evilcraft:box_of_eternal_closure":3,"evilcraft:flesh_humanoid":1,"minecraft:golden_carrot":6,"minecraft:cooked_beef":22,"minecraft:cooked_mutton":11,"minecraft:glass_bottle":1,"evilcraft:blood_infuser":1,"minecraft:spruce_sign":2,"dungeonnowloading:dungeon_wall_torch":1,"minecraft:cracked_stone_bricks":1,"minecraft:mossy_cobblestone":5,"minecraft:crafting_table":7,"minecraft:white_bed":4,"minecraft:smoker":2,"dungeonnowloading:spawner_helmet":1,"minecraft:iron_pickaxe":349,"minecraft:suspicious_stew":1,"minecraft:spruce_sapling":2,"minecraft:stone_axe":97,"minecraft:cobblestone":151,"minecraft:purple_bed":4,"minecraft:cooked_porkchop":22,"minecraft:splash_potion":3},"minecraft:mined":{"dungeonnowloading:spikes":6,"minecraft:spruce_planks":12,"minecraft:white_bed":4,"nuclearcraft:thorium_ore":32,"nuclearcraft:boron_ore":9,"evilcraft:undead_leaves":3,"nuclearcraft:cobalt_ore":7,"cobblemon:apricorn_log":5,"minecraft:granite":3,"minecraft:grass_block":20,"evilcraft:blood_chest":7,"nuclearcraft:zinc_ore":24,"minecraft:spawner":2,"minecraft:smooth_stone":3,"minecraft:iron_ore":75,"minecraft:fire":13,"nuclearcraft:uranium_ore":28,"minecraft:dirt_path":6,"minecraft:iron_bars":1,"cobblemon:water_stone_ore":2,"mekanism:osmium_ore":30,"minecraft:smoker":2,"minecraft:powder_snow":2,"minecraft:torch":3,"dungeonnowloading:dungeon_wall_torch":1,"cobblemon:apricorn_leaves":17,"minecraft:poppy":1,"minecraft:dead_bush":4,"mekanism:tin_ore":50,"minecraft:cobblestone":31,"nuclearcraft:lithium_ore":3,"minecraft:grindstone":1,"minecraft:sugar_cane":17,"minecraft:wall_torch":5,"minecraft:spruce_sign":1,"nuclearcraft:magnesium_ore":18,"dungeonnowloading:gold_ingot_pile":6,"mekanism:fluorite_ore":7,"cobblemon:green_mint":2,"nuclearcraft:lead_ore":50,"cobblemon:dusk_stone_ore":2,"minecraft:grass":10,"dungeonnowloading:explosive_barrel":3,"mekanism:lead_ore":8,"dungeonnowloading:wooden_wall_platform":2,"minecraft:sand":7,"minecraft:dirt":22,"nuclearcraft:tin_ore":10,"minecraft:oak_leaves":313,"minecraft:deepslate":2,"evilcraft:hardened_blood":12,"minecraft:diamond_ore":1,"minecraft:mossy_cobblestone":15,"minecraft:candle":2,"minecraft:decorated_pot":3,"dungeonnowloading:book_pile":4,"minecraft:spruce_leaves":69,"minecraft:large_fern":5,"minecraft:hay_block":14,"minecraft:redstone_ore":5,"minecraft:furnace":4,"evilcraft:box_of_eternal_closure":1,"minecraft:andesite":28,"evilcraft:dark_ore":5,"minecraft:potatoes":5,"minecraft:deepslate_iron_ore":22,"minecraft:rail":1,"nuclearcraft:cobalt_deepslate_ore":2,"minecraft:stone":225,"minecraft:bone_block":160,"nuclearcraft:silver_ore":12,"minecraft:lily_of_the_valley":1,"minecraft:crafting_table":3,"evilcraft:blood_infuser":1,"minecraft:copper_ore":40,"minecraft:lapis_ore":4,"minecraft:deepslate_gold_ore":2,"minecraft:diorite":2,"minecraft:blue_bed":8,"minecraft:purple_bed":4,"minecraft:sweet_berry_bush":13,"minecraft:ice":3,"minecraft:spruce_log":33,"minecraft:birch_leaves":3,"minecraft:coal_ore":189,"evilcraft:undead_log":4,"minecraft:gravel":6,"minecraft:cracked_stone_bricks":1,"cobblemon:sun_stone_ore":1,"minecraft:stone_bricks":2,"minecraft:mossy_stone_bricks":3,"minecraft:gold_ore":52,"minecraft:fern":4},"minecraft:killed":{"minecraft:spider":5,"minecraft:skeleton":7,"minecraft:chicken":4,"minecraft:pig":10,"minecraft:zombie_villager":1,"minecraft:iron_golem":1,"minecraft:creeper":1,"minecraft:sheep":11,"minecraft:zombie":41,"minecraft:stray":1,"minecraft:cow":10,"minecraft:horse":1,"mekanismadditions:baby_skeleton":1,"cobblemon:pokemon":37,"minecraft:villager":1},"minecraft:crafted":{"minecraft:cooked_chicken":5,"cobblemon:apricorn_planks":20,"minecraft:cooked_mutton":18,"minecraft:glass":6,"evilcraft:exalted_crafter_wooden":3,"minecraft:iron_boots":1,"evilcraft:blood_extractor":1,"minecraft:chest":5,"dungeonnowloading:spawner_helmet":1,"minecraft:glass_bottle":3,"evilcraft:undead_planks":4,"dungeonnowloading:spawner_frame":6,"minecraft:cooked_porkchop":22,"minecraft:crafting_table":8,"minecraft:spruce_planks":204,"minecraft:iron_helmet":1,"minecraft:wooden_pickaxe":1,"minecraft:copper_ingot":64,"cobblemon:quick_ball":12,"minecraft:book":1,"minecraft:iron_chestplate":1,"minecraft:paper":3,"minecraft:shield":1,"minecraft:stick":32,"minecraft:iron_ingot":112,"minecraft:iron_pickaxe":2,"minecraft:iron_block":6,"evilcraft:vengeance_pickaxe":2,"minecraft:shears":1,"evilcraft:dark_spike":16,"evilcraft:blood_chest":1,"minecraft:furnace":2,"minecraft:bone_meal":42,"minecraft:flint_and_steel":1,"minecraft:iron_axe":1,"minecraft:stone_pickaxe":1,"evilcraft:dark_stick":4,"evilcraft:darkened_apple":2,"minecraft:spruce_boat":2,"minecraft:cooked_beef":14,"evilcraft:blood_infusion_core":2,"minecraft:iron_sword":1,"minecraft:stone_axe":1,"minecraft:air":0,"evilcraft:blood_infuser":1,"minecraft:iron_leggings":1,"minecraft:torch":132},"minecraft:custom":{"minecraft:interact_with_crafting_table":55,"minecraft:open_barrel":17,"minecraft:leave_game":4,"minecraft:time_since_death":192741,"minecraft:sprint_one_cm":1012487,"minecraft:drop":155,"minecraft:talked_to_villager":1,"minecraft:play_time":340472,"minecraft:deaths":3,"minecraft:jump":4478,"minecraft:interact_with_brewingstand":1,"minecraft:walk_on_water_one_cm":14463,"minecraft:interact_with_furnace":69,"minecraft:sleep_in_bed":19,"minecraft:damage_dealt":26980,"minecraft:crouch_one_cm":42456,"minecraft:interact_with_smoker":23,"minecraft:inspect_dispenser":1,"minecraft:mob_kills":140,"minecraft:walk_one_cm":641290,"minecraft:sneak_time":17023,"minecraft:walk_under_water_one_cm":15423,"minecraft:boat_one_cm":242354,"minecraft:total_world_time":340472,"minecraft:time_since_rest":8531,"minecraft:damage_taken":6312,"minecraft:swim_one_cm":21601,"minecraft:fly_one_cm":1308335,"minecraft:open_chest":83,"minecraft:fall_one_cm":207821},"minecraft:dropped":{"minecraft:lapis_lazuli":64,"cobblemon:blue_apricorn":1,"minecraft:glass_bottle":1,"nuclearcraft:silver_chunk":59,"minecraft:crafting_table":2,"minecraft:decorated_pot":1,"dungeonnowloading:cobblestone_pebble":10,"minecraft:leather":8,"minecraft:rail":1,"minecraft:flint":1,"minecraft:dirt":22,"evilcraft:broom":2,"minecraft:snowball":16,"cobblemon:green_apricorn":1,"minecraft:bone_meal":1,"minecraft:bone_block":158,"nuclearcraft:thorium_chunk":9,"minecraft:iron_pickaxe":2,"dungeonnowloading:wooden_wall_platform":2,"minecraft:white_wool":6,"minecraft:gold_ingot":3,"minecraft:bone":6,"minecraft:cobbled_deepslate":2,"dungeonnowloading:wooden_wall_rack":1,"minecraft:rotten_flesh":37,"dungeonnowloading:mossy_cobblestone_pebble":10,"minecraft:cooked_mutton":7,"minecraft:white_bed":2,"minecraft:poppy":1,"minecraft:gunpowder":8,"minecraft:arrow":7,"nuclearcraft:lithium_chunk":9,"mekanism:fluorite_gem":66,"minecraft:enchanted_book":1,"minecraft:iron_ingot":17,"minecraft:wheat_seeds":6,"evilcraft:undead_log":3,"nuclearcraft:magnesium_chunk":7,"minecraft:mossy_cobblestone":9,"minecraft:iron_helmet":1,"minecraft:feather":4,"minecraft:cobblestone":69,"minecraft:book":3,"evilcraft:dark_gem":3,"minecraft:granite":1,"nuclearcraft:uranium_chunk":2,"minecraft:coal":39,"minecraft:stick":1,"minecraft:iron_block":3,"nuclearcraft:lead_chunk":30,"evilcraft:blood_extractor":1,"minecraft:torch":1,"minecraft:brown_wool":3,"evilcraft:exalted_crafter_wooden":3,"minecraft:potion":2,"minecraft:iron_leggings":1,"evilcraft:dark_spike":1,"mekanism:raw_lead":28,"mekanism:raw_osmium":15,"minecraft:iron_axe":1,"minecraft:string":2,"minecraft:redstone":36,"minecraft:furnace":1,"minecraft:sweet_berries":13,"minecraft:raw_copper":60,"minecraft:bowl":2,"minecraft:raw_iron":93,"minecraft:chicken":1,"cobblemon:quick_ball":54,"minecraft:shears":1,"minecraft:potato":1,"minecraft:hay_block":7,"minecraft:shield":1,"minecraft:iron_chestplate":1,"minecraft:andesite":8,"minecraft:blue_ice":1,"minecraft:oak_sapling":1,"minecraft:spruce_log":1,"minecraft:wooden_pickaxe":3,"minecraft:raw_gold":59,"minecraft:black_wool":1},"minecraft:picked_up":{"minecraft:iron_chestplate":1,"nuclearcraft:lead_chunk":161,"cobblemon:red_apricorn":3,"minecraft:potion":2,"minecraft:enchanted_book":2,"minecraft:string":9,"minecraft:raw_copper":298,"minecraft:iron_leggings":1,"minecraft:cobbled_deepslate":2,"cobblemon:white_apricorn_seed":1,"minecraft:spruce_planks":12,"cobblemon:oran_berry":1,"dungeonnowloading:mossy_cobblestone_pebble":10,"minecraft:iron_pickaxe":2,"cobblemon:quick_ball":5,"evilcraft:blood_extractor":2,"minecraft:furnace":6,"minecraft:stick":23,"cobblemon:apricorn_log":5,"minecraft:torch":21,"minecraft:porkchop":22,"minecraft:diorite":4,"mekanism:raw_tin":94,"evilcraft:box_of_eternal_closure":3,"minecraft:rotten_flesh":41,"evilcraft:condensed_blood":22,"nuclearcraft:uranium_chunk":85,"minecraft:iron_bars":1,"minecraft:snowball":72,"minecraft:cobblestone":272,"minecraft:feather":4,"minecraft:cooked_beef":8,"minecraft:andesite":37,"minecraft:brown_wool":3,"minecraft:smoker":2,"minecraft:potato":14,"minecraft:flint":2,"evilcraft:flesh_humanoid":1,"minecraft:lapis_lazuli":118,"minecraft:dirt":97,"minecraft:lantern":2,"minecraft:bone":12,"minecraft:wheat_seeds":6,"cobblemon:black_apricorn":3,"minecraft:raw_gold":189,"dungeonnowloading:dungeon_wall_torch":1,"minecraft:grindstone":1,"nuclearcraft:lithium_chunk":19,"nuclearcraft:thorium_chunk":46,"cobblemon:sun_stone":5,"nuclearcraft:zinc_chunk":48,"evilcraft:dark_gem_crushed":9,"minecraft:sand":6,"minecraft:dead_bush":9,"minecraft:lily_of_the_valley":1,"dungeonnowloading:wooden_wall_rack":2,"cobblemon:aspear_berry":19,"minecraft:mossy_cobblestone":14,"minecraft:diamond":11,"minecraft:spruce_boat":3,"evilcraft:broom":1,"minecraft:blue_ice":1,"minecraft:granite":1,"minecraft:bone_meal":1,"evilcraft:blood_infuser":1,"minecraft:spruce_sign":1,"minecraft:oak_sapling":9,"nuclearcraft:tin_chunk":38,"nuclearcraft:boron_chunk":14,"minecraft:crafting_table":5,"dungeonnowloading:wooden_wall_platform":2,"minecraft:chicken":6,"evilcraft:dark_power_gem":1,"cobblemon:yellow_apricorn":26,"minecraft:wooden_pickaxe":2,"dungeonnowloading:cobblestone_pebble":10,"occultism:raw_silver":5,"minecraft:iron_axe":1,"cobblemon:white_apricorn":2,"dungeonnowloading:spawner_fragment":18,"minecraft:cracked_stone_bricks":1,"minecraft:candle":5,"cobblemon:green_apricorn":9,"minecraft:beef":17,"minecraft:poppy":1,"cobblemon:dusk_stone":2,"evilcraft:hardened_blood_shard":41,"minecraft:sugar_cane":48,"minecraft:egg":2,"nuclearcraft:silver_chunk":117,"minecraft:raw_iron":370,"minecraft:copper_ingot":64,"minecraft:bowl":1,"evilcraft:origins_of_darkness":1,"evilcraft:dark_spike":16,"nuclearcraft:cobalt_chunk":35,"minecraft:redstone":72,"minecraft:arrow":10,"minecraft:decorated_pot":3,"minecraft:hay_block":21,"evilcraft:blood_chest":7,"minecraft:gold_ingot":16,"minecraft:mutton":23,"minecraft:rail":1,"minecraft:bone_block":251,"cobblemon:blue_apricorn":17,"minecraft:white_wool":13,"minecraft:air":0,"mekanism:raw_lead":56,"minecraft:leather":21,"evilcraft:exalted_crafter_wooden":3,"minecraft:gunpowder":8,"minecraft:blue_bed":8,"minecraft:apple":2,"minecraft:stone_bricks":1,"minecraft:iron_ingot":21,"minecraft:glass_bottle":1,"minecraft:book":7,"evilcraft:undead_log":4,"nuclearcraft:magnesium_chunk":35,"minecraft:sweet_berries":32,"cobblemon:blue_apricorn_seed":2,"minecraft:gravel":3,"cobblemon:cheri_berry":1,"cobblemon:yellow_apricorn_seed":1,"cobblemon:pink_apricorn":1,"minecraft:spruce_sapling":6,"minecraft:white_bed":6,"minecraft:spruce_log":32,"mekanism:raw_osmium":60,"minecraft:purple_bed":5,"evilcraft:dark_gem":43,"mekanism:fluorite_gem":135,"cobblemon:water_stone":2,"minecraft:black_wool":1,"minecraft:coal":525},"minecraft:killed_by":{"benssharks:axodile":1},"minecraft:broken":{"evilcraft:vengeance_pickaxe":1,"minecraft:stone_pickaxe":1,"minecraft:stone_axe":1,"minecraft:iron_sword":1,"minecraft:leather_chestplate":1,"minecraft:leather_boots":1,"minecraft:iron_pickaxe":1}},"DataVersion":3465}