{"stats":{"minecraft:dropped":{"minecraft:enchanted_book":1,"minecraft:moss_block":1,"minecraft:wheat_seeds":2,"minecraft:glow_ink_sac":1,"minecraft:mossy_cobblestone":5,"minecraft:diamond":3,"nuclearcraft:silver_chunk":17,"evilcraft:condensed_blood":22,"minecraft:crafting_table":1,"minecraft:cobblestone":252,"minecraft:book":1,"evilcraft:dark_gem":13,"nuclearcraft:uranium_chunk":10,"minecraft:tropical_fish":2,"minecraft:spruce_door":11,"cobblemon:vivichoke_seeds":1,"minecraft:stick":3,"minecraft:dirt":47,"nuclearcraft:lead_chunk":14,"minecraft:diorite":34,"minecraft:torch":2,"evilcraft:broom":1,"minecraft:wooden_axe":2,"nuclearcraft:boron_chunk":5,"minecraft:iron_pickaxe":2,"minecraft:string":7,"minecraft:bucket":1,"minecraft:redstone":4,"cobblemon:red_apricorn":7,"minecraft:bone":4,"minecraft:gravel":2,"minecraft:moss_carpet":2,"cobblemon:big_root":7,"minecraft:cobbled_deepslate":172,"minecraft:rotten_flesh":2,"minecraft:clay_ball":8,"occultism:raw_silver":5,"minecraft:filled_map":2,"minecraft:big_dripleaf":3,"megamons:anistarite_rough_geode_block":1,"minecraft:shield":1,"minecraft:gunpowder":10,"minecraft:spruce_planks":24,"minecraft:andesite":21,"minecraft:mossy_stone_bricks":3,"cobblemon:energy_root":2,"minecraft:stone_bricks":5,"minecraft:arrow":4,"minecraft:wooden_pickaxe":2},"minecraft:custom":{"minecraft:interact_with_anvil":1,"minecraft:mob_kills":35,"minecraft:interact_with_crafting_table":34,"minecraft:open_barrel":21,"minecraft:leave_game":4,"minecraft:time_since_death":8258,"minecraft:climb_one_cm":9079,"minecraft:sprint_one_cm":317250,"minecraft:walk_one_cm":360602,"minecraft:damage_blocked_by_shield":795,"minecraft:drop":83,"minecraft:talked_to_villager":1,"minecraft:play_time":189851,"minecraft:sneak_time":6849,"minecraft:deaths":1,"minecraft:walk_under_water_one_cm":15192,"minecraft:jump":1111,"minecraft:interact_with_brewingstand":8,"minecraft:walk_on_water_one_cm":34150,"minecraft:total_world_time":189851,"minecraft:interact_with_furnace":44,"minecraft:pot_flower":1,"minecraft:sleep_in_bed":3,"minecraft:time_since_rest":995,"minecraft:damage_taken":1768,"minecraft:damage_dealt":5325,"minecraft:swim_one_cm":8270,"minecraft:fly_one_cm":183776,"minecraft:open_chest":49,"minecraft:crouch_one_cm":13656,"minecraft:interact_with_smoker":5,"minecraft:fall_one_cm":40036},"minecraft:killed_by":{"minecraft:witch":1},"minecraft:killed":{"minecraft:slime":1,"minecraft:skeleton":6,"minecraft:silverfish":1,"minecraft:zombie":20},"minecraft:mined":{"dungeonnowloading:spikes":3,"minecraft:large_amethyst_bud":5,"minecraft:tuff":32,"minecraft:mossy_cobblestone":1,"nuclearcraft:thorium_ore":1,"minecraft:deepslate_diamond_ore":6,"nuclearcraft:boron_ore":1,"cobblemon:big_root":7,"minecraft:cave_vines_plant":4,"minecraft:budding_amethyst":1,"minecraft:granite":20,"minecraft:grass_block":4,"minecraft:decorated_pot":4,"dungeonnowloading:book_pile":1,"occultism:silver_ore_deepslate":5,"minecraft:spruce_leaves":12,"minecraft:moss_block":9,"minecraft:smooth_stone":1,"minecraft:furnace":1,"minecraft:carrots":2,"minecraft:iron_ore":86,"nuclearcraft:uranium_ore":3,"minecraft:gray_wall_banner":1,"minecraft:andesite":34,"minecraft:moss_carpet":1,"minecraft:deepslate_lapis_ore":3,"minecraft:potatoes":7,"minecraft:cave_vines":7,"minecraft:deepslate_iron_ore":14,"minecraft:vine":1,"minecraft:small_amethyst_bud":1,"minecraft:iron_bars":2,"minecraft:spruce_pressure_plate":2,"minecraft:stone":419,"megamons:crystal_thunder_stone_ore":1,"nuclearcraft:silver_ore":8,"megamons:anistarite_rough_geode_block":1,"mekanism:deepslate_lead_ore":6,"megamons:anistarite_geode_block":8,"dungeonnowloading:mossy_cobblestone_pebbles":1,"minecraft:medium_amethyst_bud":8,"cobblemon:revival_herb":2,"minecraft:amethyst_cluster":5,"minecraft:clay":10,"cobblemon:apricorn_leaves":4,"minecraft:crafting_table":4,"minecraft:torch":4,"minecraft:calcite":11,"minecraft:poppy":1,"mekanism:tin_ore":1,"minecraft:copper_ore":50,"cobblemon:energy_root":2,"minecraft:tall_grass":3,"minecraft:cobblestone":17,"minecraft:deepslate_gold_ore":44,"minecraft:diorite":42,"minecraft:wall_torch":7,"minecraft:big_dripleaf":1,"minecraft:amethyst_block":6,"minecraft:purple_bed":2,"minecraft:coarse_dirt":2,"evilcraft:dark_ore_deepslate":3,"minecraft:wheat":3,"nuclearcraft:uranium_deepslate_ore":7,"minecraft:spruce_log":26,"minecraft:white_carpet":1,"nuclearcraft:lead_ore":14,"cobblemon:persim_berry":1,"minecraft:grass":9,"minecraft:coal_ore":173,"dungeonnowloading:explosive_barrel":7,"mekanism:lead_ore":1,"minecraft:gravel":2,"minecraft:dirt":40,"nuclearcraft:boron_deepslate_ore":5,"nuclearcraft:tin_ore":1,"minecraft:cobweb":2,"minecraft:smooth_basalt":7,"minecraft:stone_bricks":4,"minecraft:mossy_stone_bricks":4,"minecraft:gold_ore":1,"minecraft:deepslate":232,"nuclearcraft:silver_deepslate_ore":9,"minecraft:fern":3,"dungeonnowloading:iron_ingot_pile":3,"minecraft:infested_deepslate":1},"minecraft:broken":{"minecraft:stone_pickaxe":3,"minecraft:iron_pickaxe":3},"minecraft:used":{"minecraft:iron_bars":1,"minecraft:tropical_fish":3,"minecraft:ladder":1,"minecraft:poppy":1,"minecraft:chest":3,"minecraft:spruce_planks":11,"minecraft:shield":25,"minecraft:iron_sword":114,"minecraft:rotten_flesh":33,"minecraft:torch":279,"minecraft:dirt":14,"minecraft:carrot":8,"minecraft:snowball":51,"minecraft:wooden_axe":22,"minecraft:iron_axe":15,"minecraft:iron_boots":1,"benssharks:silverfish":1,"minecraft:furnace":5,"minecraft:cobbled_deepslate":4,"minecraft:iron_leggings":1,"minecraft:cooked_mutton":7,"minecraft:water_bucket":5,"minecraft:diorite":9,"minecraft:amethyst_block":1,"minecraft:spruce_door":1,"minecraft:baked_potato":3,"minecraft:stone_pickaxe":398,"minecraft:wooden_pickaxe":14,"minecraft:white_wool":1,"minecraft:glow_berries":35,"minecraft:crafting_table":12,"minecraft:flower_pot":2,"minecraft:bread":1,"minecraft:iron_pickaxe":994,"minecraft:spruce_pressure_plate":2,"minecraft:spruce_sapling":1,"minecraft:cobblestone":98,"minecraft:purple_bed":2,"minecraft:bucket":6,"minecraft:coarse_dirt":2,"minecraft:splash_potion":7},"minecraft:crafted":{"minecraft:furnace":4,"minecraft:iron_boots":1,"minecraft:iron_axe":1,"minecraft:stone_pickaxe":3,"minecraft:chest":2,"minecraft:crafting_table":8,"minecraft:spruce_planks":128,"minecraft:iron_helmet":1,"minecraft:wooden_pickaxe":1,"minecraft:baked_potato":22,"minecraft:iron_sword":1,"minecraft:spruce_door":12,"minecraft:copper_ingot":13,"minecraft:bucket":1,"minecraft:air":0,"minecraft:iron_chestplate":1,"minecraft:shield":2,"minecraft:stick":96,"minecraft:iron_ingot":80,"minecraft:iron_pickaxe":4,"minecraft:wooden_axe":1,"minecraft:iron_leggings":1,"minecraft:torch":284},"minecraft:picked_up":{"minecraft:wooden_axe":1,"minecraft:crafting_table":5,"minecraft:coarse_dirt":2,"minecraft:wheat":6,"minecraft:flower_pot":2,"minecraft:ladder":1,"minecraft:clay_ball":8,"cobblemon:yellow_apricorn":5,"nuclearcraft:lead_chunk":14,"cobblemon:red_apricorn":14,"minecraft:wooden_pickaxe":1,"occultism:raw_silver":5,"minecraft:enchanted_book":1,"minecraft:amethyst_block":1,"minecraft:string":2,"minecraft:moss_carpet":2,"minecraft:raw_copper":176,"cobblemon:revival_herb":14,"minecraft:white_carpet":1,"minecraft:cobbled_deepslate":184,"minecraft:bucket":1,"minecraft:spruce_planks":12,"cobblemon:oran_berry":11,"minecraft:poppy":2,"minecraft:iron_pickaxe":1,"cobblemon:big_root":7,"cobblemon:pep_up_flower":2,"minecraft:chest":1,"minecraft:furnace":1,"nuclearcraft:silver_chunk":17,"minecraft:spruce_pressure_plate":2,"minecraft:stick":1,"minecraft:raw_iron":98,"minecraft:copper_ingot":13,"minecraft:big_dripleaf":6,"minecraft:torch":22,"minecraft:diorite":43,"minecraft:carrot":6,"mekanism:raw_tin":1,"minecraft:arrow":5,"minecraft:cactus":1,"minecraft:rotten_flesh":21,"minecraft:tropical_fish":5,"minecraft:glow_berries":20,"nuclearcraft:uranium_chunk":10,"minecraft:iron_bars":1,"minecraft:snowball":67,"minecraft:white_wool":2,"minecraft:cobblestone":383,"benssharks:silverfish":1,"mekanism:raw_lead":7,"minecraft:glow_ink_sac":1,"minecraft:andesite":21,"minecraft:potato":22,"evilcraft:flesh_humanoid":1,"minecraft:gunpowder":10,"megamons:anistarite_geode_block":8,"minecraft:dirt":101,"minecraft:cooked_mutton":7,"minecraft:bone":6,"minecraft:stone_bricks":5,"minecraft:wheat_seeds":22,"minecraft:raw_gold":44,"minecraft:iron_ingot":10,"cobblemon:thunder_stone":1,"minecraft:mossy_stone_bricks":3,"minecraft:moss_block":2,"minecraft:book":1,"minecraft:gravel":2,"minecraft:amethyst_shard":18,"cobblemon:persim_berry":19,"minecraft:spruce_sapling":1,"minecraft:spruce_log":26,"minecraft:mossy_cobblestone":5,"megamons:anistarite_rough_geode_block":1,"minecraft:purple_bed":2,"minecraft:diamond":6,"minecraft:gray_banner":1,"evilcraft:broom":2,"evilcraft:dark_gem":13,"minecraft:granite":18,"minecraft:coal":213,"nuclearcraft:boron_chunk":6,"cobblemon:energy_root":2}},"DataVersion":3465}